{
  "hash": "c720edab",
  "configHash": "e69f7ea6",
  "lockfileHash": "001d0871",
  "browserHash": "d8b08cea",
  "optimized": {
    "@angular/common": {
      "src": "../../../../../../node_modules/@angular/common/fesm2022/common.mjs",
      "file": "@angular_common.js",
      "fileHash": "df016790",
      "needsInterop": false
    },
    "@angular/common/http": {
      "src": "../../../../../../node_modules/@angular/common/fesm2022/http.mjs",
      "file": "@angular_common_http.js",
      "fileHash": "753bcb17",
      "needsInterop": false
    },
    "@angular/core": {
      "src": "../../../../../../node_modules/@angular/core/fesm2022/core.mjs",
      "file": "@angular_core.js",
      "fileHash": "4a851c91",
      "needsInterop": false
    },
    "@angular/forms": {
      "src": "../../../../../../node_modules/@angular/forms/fesm2022/forms.mjs",
      "file": "@angular_forms.js",
      "fileHash": "7f108f6d",
      "needsInterop": false
    },
    "@angular/platform-browser": {
      "src": "../../../../../../node_modules/@angular/platform-browser/fesm2022/platform-browser.mjs",
      "file": "@angular_platform-browser.js",
      "fileHash": "4ba49862",
      "needsInterop": false
    },
    "@angular/router": {
      "src": "../../../../../../node_modules/@angular/router/fesm2022/router.mjs",
      "file": "@angular_router.js",
      "fileHash": "5ba8fa85",
      "needsInterop": false
    }
  },
  "chunks": {
    "chunk-TVQZRLIR": {
      "file": "chunk-TVQZRLIR.js"
    },
    "chunk-NZDNKXNC": {
      "file": "chunk-NZDNKXNC.js"
    },
    "chunk-LC63JU7F": {
      "file": "chunk-LC63JU7F.js"
    },
    "chunk-SXHOZHTL": {
      "file": "chunk-SXHOZHTL.js"
    }
  }
}